# path	size	crc32	sha256
ARCH~Y3X.MD	53262	5AB9A7DA	a3d263d847b52b0441a81ddd5f85084a3a6c4be85e51573e6d37dbd4bca8d61d
CRC3~F4U.MD	5271	AD7E2A11	3b7d4254e9f6cbcf6f335ea0cc4edb4d74d568ce2e0bec96968d58f0d6ad0f39
ENCR~BXO.MD	30796	C5D3DA4F	87402af869a8c6104c45218156de72138cb5bf4b89c40048dad31f7970872614
FILT~XX0.MD	27069	89E63874	c6c00a82d26c0e2558b08cbf3ae0c165ce45814bfaae25d4369dcddf335315be
HUFF~BID.MD	11958	C4B23356	43614d72283a318837b8b8c617294a18b022caa015b4401cfaf4bfc9d9b64fa5
IMPL~KS0.MD	8846	0DEF58B4	5669606badd038adde14f185deb90b8b3c843a5acb4453a0147971584179f05b
INTE~BSL.MD	32722	CB567947	dfbb6838bd77a80aef202fc580b2bd55b4937db33d68e8ea75f60aa0db2ad663
LZ_M~HYW.MD	14181	F5E64896	7820933b60e593d695d793bc1c8c8e65ebaf0f9055970ad734534396d96fcf5a
PATH~EJS.MD	13819	3C0D6E22	52122eed1556fe7e4a29ac2d525d044cd4bd793065e9b9725f52fb4c4f271c87
PPMD~D4Q.MD	38140	FFD9B31F	602a686462992646583d69794d36927dabf43ea088633d3734a4c87520f4f0e7
RAR1~FHU.MD	40371	AAC191A8	d3f32d4f20b5ea64ad5debd76643d421c07ba8b53780df94acbb7358aa19cfe5
RAR1~OEK.MD	101788	292F35D1	eb6e6b0812df6da30816951d089e34aa31e5e2a8b6a30fb9a8bd88aadf12548c
RAR5~YP0.MD	71276	E52CF5EC	c736a94051e8168581af47e5838e2ae190aaf7ef7c61fcdb3c64ebf8f6873ad8
RARV~0F3.MD	12429	AB07A4A6	db274b0e9a751f83299982ceacb2ba7004c5a54d32fbe11f93323e5db58a208d
README.md	4198	509E5E3C	f3d51f2d627fdb20b876e61f9e7772d7b8bf869ca03aeea49d8a9b3153de6eff
READ~0WB.MD	22024	D9875535	83e6e9a5f17a99c242b021552c7f22971c89267f820b78c80a81ef2b0de6cc83
TEST~FAD.MD	14811	B55BA84A	02956ad935e2445f1fce2773dc43462f25b1f38ad87774cbfff5d1327b95fabf
